{
    "lstm": {
        "mae_mean": 0.04898725226989563,
        "mae_std": 0.009950930756975564,
        "rmse_mean": 0.06319849757858666,
        "rmse_std": 0.01189472301060515,
        "r2_mean": 0.9931308834530329,
        "r2_std": 0.0016850883766939308
    },
    "advanced_lstm": {
        "mae_mean": NaN,
        "mae_std": NaN,
        "rmse_mean": NaN,
        "rmse_std": NaN,
        "r2_mean": NaN,
        "r2_std": NaN
    },
    "bi_lstm": {
        "mae_mean": 0.09353461537088796,
        "mae_std": 0.038923142669884815,
        "rmse_mean": 0.11549028453772063,
        "rmse_std": 0.03938461286778208,
        "r2_mean": 0.9770954195566839,
        "r2_std": 0.010348252137478973
    },
    "attention": {
        "mae_mean": 0.08911256218933201,
        "mae_std": 0.03296235622121609,
        "rmse_mean": 0.10779967051363874,
        "rmse_std": 0.035967356565548794,
        "r2_mean": 0.9797658326750328,
        "r2_std": 0.009027808414008314
    },
    "combined": {
        "mae_mean": 0.11877705065127284,
        "mae_std": 0.015367703312425155,
        "rmse_mean": 0.14324865819938343,
        "rmse_std": 0.017455742672673847,
        "r2_mean": 0.9637718410320512,
        "r2_std": 0.009967498600754462
    }
}