feature,importance
Power Factor * Current,0.9543092941009335
Current (A),0.024082330754865787
Current Squared,0.02382599743305116
Humidity Difference,0.014199632173479602
Inside Temperature (°C),0.01143176507110617
Temperature Difference,0.010493907289963546
