{"best_model": "combined", "metrics": {"mae": 3.326041202962224, "mse": 54.15342240877244, "rmse": 7.358900896789713, "r2": 0.6116898263369756, "test_loss": 63.51819610595703, "test_acc": 3.831012725830078, "n_samples": 5120, "n_nans": 0}}